a,b,c
1896,DNK,6
1896,FIN,0
1896,NOR,0
1896,NLD,0
1896,FRA,11
1896,ITA,0
1896,ESP,0
1896,AZE,0
1896,RUS,0
1896,BLR,0
1896,CMR,0
1896,USA,20
1896,HUN,6
1896,GRE,48
1896,AUS,3
1896,IRN,0
1896,CAN,0
1896,PAK,0
1896,RUS,0
1896,UZB,0
1896,TJK,0
1896,RUS,0
1896,JPN,0
1896,ETH,0
1896,CHE,3
1896,DEU,0
1896,SWE,0
1896,ZAF,0
1896,TUR,0
1896,BGR,0
1896,EGY,0
1896,GBR,9
1896,JOR,0
1896,ROU,0
1896,PRI,0
1896,MEX,0
1896,GHA,0
1896,MAR,0
1896,NZL,0
1896,DEU,32
1896,ARG,0
1896,CUB,0
1896,URY,0
1896,POL,0
1896,CZE,0
1896,NER,0
1896,BRA,0
1896,AUT,5
1896,LTU,0
1896,IDN,0
1896,CHL,0
1896,UKR,0
1896,UGA,0
1896,SYR,0
1896,QAT,0
1896,KUW,0
1896,SSD,0
1896,SAU,0
1896,ARE,0
1896,HRV,0
1896,DEU,0
1896,ARM,0
1896,SRB,0
1896,NIG,0
1896,IND,0
1896,BEL,0
1896,DZA,0
1896,JAM,0
1896,TTO,0
1896,COL,0
1896,LUX,0
1896,BWA,0
1896,TUN,0
1896,KOR,0
1896,PRK,0
1896,CHN,0
1896,BIH,0
1896,GUY,0
1896,ISR,0
1896,KAZ,0
1896,GEO,0
1896,KEN,0
1896,ISL,0
1896,HTI,0
1896,MYS,0
1896,IRQ,0
1896,CZE,0
1896,SVK,0
1896,BHS,0
1896,AUS,0
1896,PRY,0
1896,MNE,0
1896,IRL,0
1896,PRT,0
1896,GTM,0
1896,SRB,0
1896,TZA,0
1896,LBN,0
1896,KGZ,0
1896,LVA,0
1896,NLD,0
1896,VEN,0
1896,THA,0
1896,TGO,0
1896,PER,0
1896,EST,0
1896,SVN,0
1896,NPL,0
1896,CHN,0
1896,ZWE,0
1896,MNG,0
1896,MDA,0
1896,CIV,0
1896,FJI,0
1896,SEN,0
1896,DOM,0
1896,PHL,0
1896,EGY,0
1896,SGP,0
1896,NAM,0
1896,LIE,0
1896,WIF,0
1896,BOH,0
1896,BMU,0
1896,VNM,0
1896,VGB,0
1896,MKD,0
1896,SDN,0
1896,BHR,0
1896,GRD,0
1896,LKA,0
1896,MUS,0
1896,SRB,0
1896,HKG,0
1896,CYP,0
1896,PAN,0
1896,ZMB,0
1896,MCO,0
1896,MOZ,0
1896,SUR,0
1896,AFG,0
1896,BDI,0
1896,GAB,0
1896,ECU,0
1896,CRI,0
1896,DJI,0
1896,ERI,0
1896,BRB,0
1896,TON,0
1900,DNK,9
1900,FIN,0
1900,NOR,9
1900,NLD,27
1900,FRA,235
1900,ITA,5
1900,ESP,2
1900,AZE,0
1900,RUS,0
1900,BLR,0
1900,CMR,0
1900,USA,63
1900,HUN,5
1900,GRC,0
1900,AUS,6
1900,IRN,0
1900,CAN,2
1900,PAK,0
1900,RUS,0
1900,UZB,0
1900,TJK,0
1900,RUS,0
1900,JPN,0
1900,ETH,0
1900,CHE,21
1900,DEU,0
1900,SWE,4
1900,ZAF,0
1900,TUR,0
1900,BGR,0
1900,EGY,0
1900,GBR,108
1900,JOR,0
1900,ROU,0
1900,PRI,0
1900,MEX,3
1900,GHA,0
1900,MAR,0
1900,NZL,1
1900,DEU,45
1900,ARG,0
1900,CUB,2
1900,URY,0
1900,POL,0
1900,CZE,0
1900,NER,0
1900,BRA,0
1900,AUT,6
1900,LTU,0
1900,IDN,0
1900,CHL,0
1900,UKR,0
1900,UGA,0
1900,SYR,0
1900,QAT,0
1900,KUW,0
1900,SSD,0
1900,SAU,0
1900,ARE,0
1900,HRV,0
1900,DEU,0
1900,ARM,0
1900,SRB,0
1900,NGA,0
1900,IND,2
1900,BEL,43
1900,DZA,0
1900,JAM,0
1900,TTO,0
1900,COL,1
1900,LUX,1
1900,BWA,0
1900,TUN,0
1900,KOR,0
1900,PRK,0
1900,CHN,0
1900,BIH,0
1900,GUY,0
1900,ISR,0
1900,KAZ,0
1900,GEO,0
1900,KEN,0
1900,ISL,0
1900,HTI,1
1900,MYS,0
1900,IRQ,0
1900,CZE,0
1900,SVK,0
1900,BHS,0
1900,AUS,0
1900,PRY,0
1900,MNE,0
1900,IRL,0
1900,PRT,0
1900,GTM,0
1900,SRB,0
1900,TZA,0
1900,LBN,0
1900,KGZ,0
1900,LVA,0
1900,NLD,0
1900,VEN,0
1900,THA,0
1900,TGO,0
1900,PER,0
1900,EST,0
1900,SVN,0
1900,NPL,0
1900,CHN,0
1900,ZWE,0
1900,MNG,0
1900,MDA,0
1900,CIV,0
1900,FIJ,0
1900,SEN,0
1900,DOM,0
1900,PHL,0
1900,EGY,0
1900,SGP,0
1900,NAM,0
1900,LIE,0
1900,WIF,0
1900,AUT,3
1900,BMU,0
1900,VNM,0
1900,VGB,0
1900,MKD,0
1900,SDN,0
1900,BHR,0
1900,GRD,0
1900,LKA,0
1900,MUS,0
1900,SRB,0
1900,HKG,0
1900,CYP,0
1900,PAN,0
1900,ZMB,0
1900,MCO,0
1900,MOZ,0
1900,SUR,0
1900,AFG,0
1900,BDI,0
1900,GAB,0
1900,ECU,0
1900,CRI,0
1900,DJI,0
1900,ERI,0
1900,BRB,0
1900,TON,0
1904,DNK,0
1904,FIN,0
1904,NOR,2
1904,NLD,0
1904,FRA,2
1904,ITA,0
1904,ESP,0
1904,AZE,0
1904,RUS,0
1904,BLR,0
1904,CMR,0
1904,USA,394
1904,HUN,4
1904,GRC,2
1904,AUS,4
1904,IRN,0
1904,CAN,48
1904,PAK,0
1904,RUS,0
1904,UZB,0
1904,TJK,0
1904,RUS,0
1904,JPN,0
1904,ETH,0
1904,CHE,3
1904,DEU,0
1904,SWE,0
1904,ZAF,0
1904,TUR,0
1904,BGR,0
1904,EGY,0
1904,GBR,2
1904,JOR,0
1904,ROU,0
1904,PRI,0
1904,MEX,0
1904,GHA,0
1904,MAR,0
1904,NZL,0
1904,DEU,16
1904,ARG,0
1904,CUB,5
1904,URY,0
1904,POL,0
1904,CZE,0
1904,NER,0
1904,BRA,0
1904,AUT,4
1904,LTU,0
1904,IDN,0
1904,CHL,0
1904,UKR,0
1904,UGA,0
1904,SYR,0
1904,QAT,0
1904,KUW,0
1904,SSD,0
1904,SAU,0
1904,ARE,0
1904,HRV,0
1904,DEU,0
1904,ARM,0
1904,SRB,0
1904,NGA,0
1904,IND,0
1904,BEL,0
1904,DZA,0
1904,JAM,0
1904,TTO,0
1904,COL,0
1904,LUX,0
1904,BWA,0
1904,TUN,0
1904,KOR,0
1904,PRK,0
1904,CHN,0
1904,BIH,0
1904,GUY,0
1904,ISR,0
1904,KAZ,0
1904,GEO,0
1904,KEN,0
1904,ISL,0
1904,HTI,0
1904,MYS,0
1904,IRQ,0
1904,CZE,0
1904,SVK,0
1904,BHS,0
1904,AUS,0
1904,PRY,0
1904,MNE,0
1904,IRL,0
1904,PRT,0
1904,GTM,0
1904,SRB,0
1904,TZA,0
1904,LBN,0
1904,KGZ,0
1904,LVA,0
1904,NLD,0
1904,VEN,0
1904,THA,0
1904,TGO,0
1904,PER,0
1904,EST,0
1904,SVN,0
1904,NPL,0
1904,CHN,0
1904,ZWE,0
1904,MNG,0
1904,MDA,0
1904,CIV,0
1904,FJI,0
1904,SEN,0
1904,DOM,0
1904,PHL,0
1904,EGY,0
1904,SGP,0
1904,NAM,0
1904,LIE,0
1904,WIF,0
1904,AUT,0
1904,BMU,0
1904,VNM,0
1904,VGB,0
1904,MKD,0
1904,SDN,0
1904,BHR,0
1904,GRD,0
1904,LKA,0
1904,MUS,0
1904,SRB,0
1904,HKG,0
1904,CYP,0
1904,PAN,0
1904,ZMB,0
1904,MCO,0
1904,MOZ,0
1904,SUR,0
1904,AFG,0
1904,BDI,0
1904,GAB,0
1904,ECU,0
1904,CRI,0
1904,DJI,0
1904,ERI,0
1904,BRB,0
1904,TON,0
1908,DNK,17
1908,FIN,30
1908,NOR,42
1908,NLD,16
1908,FRA,40
1908,ITA,8
1908,ESP,0
1908,AZE,0
1908,RUS,3
1908,BLR,0
1908,CMR,0
1908,USA,65
1908,HUN,20
1908,GRC,4
1908,AUS,0
1908,IRN,0
1908,CAN,52
1908,PAK,0
1908,RUS,0
1908,UZB,0
1908,TJK,0
1908,RUS,0
1908,JPN,0
1908,ETH,0
1908,CHE,0
1908,DEU,0
1908,SWE,84
1908,ZAF,2
1908,TUR,0
1908,BGR,0
1908,EGY,0
1908,GBR,368
1908,JOR,0
1908,ROU,0
1908,PRI,0
1908,MEX,0
1908,GHA,0
1908,MAR,0
1908,NZL,0
1908,DEU,21
1908,ARG,0
1908,CUB,0
1908,URY,0
1908,POL,0
1908,CZE,0
1908,NER,0
1908,BRA,0
1908,AUT,1
1908,LTU,0
1908,IDN,0
1908,CHL,0
1908,UKR,0
1908,UGA,0
1908,SYR,0
1908,QAT,0
1908,KUW,0
1908,SSD,0
1908,SAU,0
1908,ARE,0
1908,HRV,0
1908,DEU,0
1908,ARM,0
1908,SRB,0
1908,NGA,0
1908,IND,0
1908,BEL,33
1908,DZA,0
1908,JAM,0
1908,TTO,0
1908,COL,0
1908,LUX,0
1908,BWA,0
1908,TUN,0
1908,KOR,0
1908,PRK,0
1908,CHN,0
1908,BIH,0
1908,GUY,0
1908,ISR,0
1908,KAZ,0
1908,GEO,0
1908,KEN,0
1908,ISL,0
1908,HTI,0
1908,MYS,0
1908,IRQ,0
1908,CZE,0
1908,SVK,0
1908,BHS,0
1908,AUS,19
1908,PRY,0
1908,MNE,0
1908,IRL,0
1908,PRT,0
1908,GTM,0
1908,SRB,0
1908,TZA,0
1908,LBN,0
1908,KGZ,0
1908,LVA,0
1908,NLD,0
1908,VEN,0
1908,THA,0
1908,TGO,0
1908,PER,0
1908,EST,0
1908,SVN,0
1908,NPL,0
1908,CHN,0
1908,ZWE,0
1908,MNG,0
1908,MDA,0
1908,CIV,0
1908,FJI,0
1908,SEN,0
1908,DOM,0
1908,PHL,0
1908,EGY,0
1908,SGP,0
1908,NAM,0
1908,LIE,0
1908,WIF,0
1908,AUT,6
1908,BMU,0
1908,VNM,0
1908,VGB,0
1908,MKD,0
1908,SDN,0
1908,BHR,0
1908,GRD,0
1908,LKA,0
1908,MUS,0
1908,SRB,0
1908,HKG,0
1908,CYP,0
1908,PAN,0
1908,ZMB,0
1908,MCO,0
1908,MOZ,0
1908,SUR,0
1908,AFG,0
1908,BDI,0
1908,GAB,0
1908,ECU,0
1908,CRI,0
1908,DJI,0
1908,ERI,0
1908,BRB,0
1908,TON,0
1912,DNK,87
1912,FIN,71
1912,NOR,80
1912,NLD,26
1912,FRA,26
1912,ITA,25
1912,ESP,0
1912,AZE,0
1912,RUS,14
1912,BLR,0
1912,CMR,0
1912,USA,107
1912,HUN,30
1912,GRC,2
1912,AUS,0
1912,IRN,0
1912,CAN,8
1912,PAK,0
1912,RUS,0
1912,UZB,0
1912,TJK,0
1912,RUS,0
1912,JPN,0
1912,ETH,0
1912,CHE,2
1912,DEU,0
1912,SWE,190
1912,ZAF,7
1912,TUR,0
1912,BGR,0
1912,EGY,0
1912,GBR,170
1912,JOR,0
1912,ROU,0
1912,PRI,0
1912,MEX,0
1912,GHA,0
1912,MAR,0
1912,NZL,0
1912,DEU,53
1912,ARG,0
1912,CUB,0
1912,URY,0
1912,POL,0
1912,CZE,0
1912,NER,0
1912,BRA,0
1912,AUT,14
1912,LTU,0
1912,IDN,0
1912,CHL,0
1912,UKR,0
1912,UGA,0
1912,SYR,0
1912,QAT,0
1912,KUW,0
1912,SSD,0
1912,SAU,0
1912,ARE,0
1912,HRV,0
1912,DEU,0
1912,ARM,0
1912,SRB,0
1912,NGA,0
1912,IND,0
1912,BEL,19
1912,DZA,0
1912,JAM,0
1912,TTO,0
1912,COL,0
1912,LUX,0
1912,BWA,0
1912,TUN,0
1912,KOR,0
1912,PRK,0
1912,CHN,0
1912,BIH,0
1912,GUY,0
1912,ISR,0
1912,KAZ,0
1912,GEO,0
1912,KEN,0
1912,ISL,0
1912,HTI,0
1912,MYS,0
1912,IRQ,0
1912,CZE,0
1912,SVK,0
1912,BHS,0
1912,AUS,10
1912,PRY,0
1912,MNE,0
1912,IRL,0
1912,PRT,0
1912,GTM,0
1912,SRB,0
1912,TZA,0
1912,LBN,0
1912,KGZ,0
1912,LVA,0
1912,NLD,0
1912,VEN,0
1912,THA,0
1912,TGO,0
1912,PER,0
1912,EST,0
1912,SVN,0
1912,NPL,0
1912,CHN,0
1912,ZWE,0
1912,MNG,0
1912,MDA,0
1912,CIV,0
1912,FJI,0
1912,SEN,0
1912,DOM,0
1912,PHL,0
1912,EGY,0
1912,SGP,0
1912,NAM,0
1912,LIE,0
1912,WIF,0
1912,AUT,0
1912,BMU,0
1912,VNM,0
1912,VGB,0
1912,MKD,0
1912,SDN,0
1912,BHR,0
1912,GRD,0
1912,LKA,0
1912,MUS,0
1912,SRB,0
1912,HKG,0
1912,CYP,0
1912,PAN,0
1912,ZMB,0
1912,MCO,0
1912,MOZ,0
1912,SUR,0
1912,AFG,0
1912,BDI,0
1912,GAB,0
1912,ECU,0
1912,CRI,0
1912,DJI,0
1912,ERI,0
1912,BRB,0
1912,TON,0
1916,DNK,0
1916,FIN,0
1916,NOR,0
1916,NLD,0
1916,FRA,0
1916,ITA,0
1916,ESP,0
1916,AZE,0
1916,RUS,0
1916,BLR,0
1916,CMR,0
1916,USA,0
1916,HUN,0
1916,GRC,0
1916,AUS,0
1916,IRN,0
1916,CAN,0
1916,PAK,0
1916,RUS,0
1916,UZB,0
1916,TJK,0
1916,RUS,0
1916,JPN,0
1916,ETH,0
1916,CHE,0
1916,DEU,0
1916,SWE,0
1916,ZAF,0
1916,TUR,0
1916,BGR,0
1916,EGY,0
1916,GBR,0
1916,JOR,0
1916,ROU,0
1916,PRI,0
1916,MEX,0
1916,GHA,0
1916,MAR,0
1916,NZL,0
1916,DEU,0
1916,ARG,0
1916,CUB,0
1916,URY,0
1916,POL,0
1916,CZE,0
1916,NER,0
1916,BRA,0
1916,AUT,0
1916,LTU,0
1916,IDN,0
1916,CHL,0
1916,UKR,0
1916,UGA,0
1916,SYR,0
1916,QAT,0
1916,KUW,0
1916,SSD,0
1916,SAU,0
1916,ARE,0
1916,HRV,0
1916,DEU,0
1916,ARM,0
1916,SRB,0
1916,NGA,0
1916,IND,0
1916,BEL,0
1916,DZA,0
1916,JAM,0
1916,TTO,0
1916,COL,0
1916,LUX,0
1916,BWA,0
1916,TUN,0
1916,KOR,0
1916,PRK,0
1916,CHN,0
1916,BIH,0
1916,GUY,0
1916,ISR,0
1916,KAZ,0
1916,GEO,0
1916,KEN,0
1916,ISL,0
1916,HTI,0
1916,MYS,0
1916,IRQ,0
1916,CZE,0
1916,SVK,0
1916,BHS,0
1916,AUS,0
1916,PRY,0
1916,MNE,0
1916,IRL,0
1916,PRT,0
1916,GTM,0
1916,SRB,0
1916,TZA,0
1916,LBN,0
1916,KGZ,0
1916,LVA,0
1916,NLD,0
1916,VEN,0
1916,THA,0
1916,TGO,0
1916,PER,0
1916,EST,0
1916,SVN,0
1916,NPL,0
1916,CHN,0
1916,ZWE,0
1916,MNG,0
1916,MDA,0
1916,CIV,0
1916,FJI,0
1916,SEN,0
1916,DOM,0
1916,PHL,0
1916,EGY,0
1916,SGP,0
1916,NAM,0
1916,LIE,0
1916,WIF,0
1916,AUT,0
1916,BMU,0
1916,VNM,0
1916,VGB,0
1916,MKD,0
1916,SDN,0
1916,BHR,0
1916,GRD,0
1916,LKA,0
1916,MUS,0
1916,SRB,0
1916,HKG,0
1916,CYP,0
1916,PAN,0
1916,ZMB,0
1916,MCO,0
1916,MOZ,0
1916,SUR,0
1916,AFG,0
1916,BDI,0
1916,GAB,0
1916,ECU,0
1916,CRI,0
1916,DJI,0
1916,ERI,0
1916,BRB,0
1916,TON,0
1920,DNK,71
1920,FIN,52
1920,NOR,137
1920,NLD,50
1920,FRA,141
1920,ITA,84
1920,ESP,23
1920,AZE,0
1920,RUS,0
1920,BLR,0
1920,CMR,0
1920,USA,194
1920,HUN,0
1920,GRC,5
1920,AUS,7
1920,IRN,0
1920,CAN,16
1920,PAK,0
1920,RUS,0
1920,UZB,0
1920,TJK,0
1920,RUS,0
1920,JPN,3
1920,ETH,0
1920,CHE,29
1920,DEU,0
1920,SWE,154
1920,ZAF,21
1920,TUR,0
1920,BGR,0
1920,EGY,0
1920,GBR,111
1920,JOR,0
1920,ROU,0
1920,PRI,0
1920,MEX,0
1920,GHA,0
1920,MAR,0
1920,NZL,1
1920,DEU,0
1920,ARG,0
1920,CUB,0
1920,URY,0
1920,POL,0
1920,CZE,10
1920,NER,0
1920,BRA,7
1920,AUT,0
1920,LTU,0
1920,IDN,0
1920,CHL,0
1920,UKR,0
1920,UGA,0
1920,SYR,0
1920,QAT,0
1920,KUW,0
1920,SSD,0
1920,SAU,0
1920,ARE,0
1920,HRV,0
1920,DEU,0
1920,ARM,0
1920,SRB,0
1920,NGA,0
1920,IND,0
1920,BEL,188
1920,DZA,0
1920,JAM,0
1920,TTO,0
1920,COL,0
1920,LUX,1
1920,BWA,0
1920,TUN,0
1920,KOR,0
1920,PRK,0
1920,CHN,0
1920,BIH,0
1920,GUY,0
1920,ISR,0
1920,KAZ,0
1920,GEO,0
1920,KEN,0
1920,ISL,0
1920,HTI,0
1920,MYS,0
1920,IRQ,0
1920,CZE,0
1920,SVK,0
1920,BHS,0
1920,AUS,0
1920,PRY,0
1920,MNE,0
1920,IRL,0
1920,PRT,0
1920,GTM,0
1920,SRB,0
1920,TZA,0
1920,LBN,0
1920,KGZ,0
1920,LVA,0
1920,NLD,0
1920,VEN,0
1920,THA,0
1920,TGO,0
1920,PER,0
1920,EST,3
1920,SVN,0
1920,NPL,0
1920,CHN,0
1920,ZWE,0
1920,MNG,0
1920,MDA,0
1920,CIV,0
1920,FJI,0
1920,SEN,0
1920,DOM,0
1920,PHL,0
1920,EGY,0
1920,SGP,0
1920,NAM,0
1920,LIE,0
1920,WIF,0
1920,AUT,0
1920,BMU,0
1920,VNM,0
1920,VGB,0
1920,MKD,0
1920,SDN,0
1920,BHR,0
1920,GRD,0
1920,LKA,0
1920,MUS,0
1920,SRB,0
1920,HKG,0
1920,CYP,0
1920,PAN,0
1920,ZMB,0
1920,MCO,0
1920,MOZ,0
1920,SUR,0
1920,AFG,0
1920,BDI,0
1920,GAB,0
1920,ECU,0
1920,CRI,0
1920,DJI,0
1920,ERI,0
1920,BRB,0
1920,TON,0
1924,DNK,14
1924,FIN,67
1924,NOR,39
1924,NLD,27
1924,FRA,120
1924,ITA,51
1924,ESP,0
1924,AZE,0
1924,RUS,0
1924,BLR,0
1924,CMR,0
1924,USA,194
1924,HUN,22
1924,GRC,1
1924,AUS,11
1924,IRN,0
1924,CAN,29
1924,PAK,0
1924,RUS,0
1924,UZB,0
1924,TJK,0
1924,RUS,0
1924,JPN,1
1924,ETH,0
1924,CHE,69
1924,DEU,0
1924,SWE,81
1924,ZAF,3
1924,TUR,0
1924,BGR,0
1924,EGY,0
1924,GBR,95
1924,JOR,0
1924,ROU,16
1924,PRI,0
1924,MEX,0
1924,GHA,0
1924,MAR,0
1924,NZL,1
1924,DEU,0
1924,ARG,10
1924,CUB,0
1924,URY,14
1924,POL,5
1924,CZE,10
1924,NER,0
1924,BRA,0
1924,AUT,8
1924,LTU,0
1924,IDN,0
1924,CHL,0
1924,UKR,0
1924,UGA,0
1924,SYR,0
1924,QAT,0
1924,KUW,0
1924,SSD,0
1924,SAU,0
1924,ARE,0
1924,HRV,0
1924,DEU,0
1924,ARM,0
1924,SRB,0
1924,NGA,0
1924,IND,7
1924,BEL,44
1924,DZA,0
1924,JAM,0
1924,TTO,0
1924,COL,0
1924,LUX,2
1924,BWA,0
1924,TUN,0
1924,KOR,0
1924,PRK,0
1924,CHN,0
1924,BIH,2
1924,GUY,0
1924,ISR,0
1924,KAZ,0
1924,GEO,0
1924,KEN,0
1924,ISL,0
1924,HTI,5
1924,MYS,0
1924,IRQ,0
1924,CZE,0
1924,SVK,0
1924,BHS,0
1924,AUS,0
1924,PRY,0
1924,MNE,0
1924,IRL,2
1924,PRT,4
1924,GTM,0
1924,SRB,0
1924,TZA,0
1924,LBN,0
1924,KGZ,0
1924,LVA,0
1924,NLD,0
1924,VEN,0
1924,THA,0
1924,TGO,0
1924,PER,0
1924,EST,6
1924,SVN,0
1924,NPL,1
1924,CHN,0
1924,ZWE,0
1924,MNG,0
1924,MDA,0
1924,CIV,0
1924,FJI,0
1924,SEN,0
1924,DOM,0
1924,PHL,0
1924,EGY,0
1924,SGP,0
1924,NAM,0
1924,LIE,0
1924,WIF,0
1924,AUT,0
1924,BMU,0
1924,VNM,0
1924,VGB,0
1924,MKD,0
1924,SDN,0
1924,BHR,0
1924,GRD,0
1924,LKA,0
1924,MUS,0
1924,SRB,0
1924,HKG,0
1924,CYP,0
1924,PAN,0
1924,ZMB,0
1924,MCO,1
1924,MOZ,0
1924,SUR,0
1924,AFG,0
1924,BDI,0
1924,GAB,0
1924,ECU,0
1924,CRI,0
1924,DJI,0
1924,ERI,0
1924,BRB,0
1924,TON,0
1928,DNK,15
1928,FIN,29
1928,NOR,24
1928,NLD,57
1928,FRA,52
1928,ITA,72
1928,ESP,3
1928,AZE,0
1928,RUS,0
1928,BLR,0
1928,CMR,0
1928,USA,102
1928,HUN,21
1928,GRC,0
1928,AUS,4
1928,IRN,0
1928,CAN,45
1928,PAK,0
1928,RUS,0
1928,UZB,0
1928,TJK,0
1928,RUS,0
1928,JPN,9
1928,ETH,0
1928,CHE,42
1928,DEU,0
1928,SWE,53
1928,ZAF,6
1928,TUR,0
1928,BGR,0
1928,EGY,4
1928,GBR,59
1928,JOR,0
1928,ROU,0
1928,PRI,0
1928,MEX,0
1928,GHA,0
1928,MAR,0
1928,NZL,1
1928,DEU,82
1928,ARG,26
1928,CUB,0
1928,URY,17
1928,POL,20
1928,CZE,17
1928,NER,0
1928,BRA,0
1928,AUT,11
1928,LTU,0
1928,IDN,0
1928,CHL,1
1928,UKR,0
1928,UGA,0
1928,SYR,0
1928,QAT,0
1928,KUW,0
1928,SSD,0
1928,SAU,0
1928,ARE,0
1928,HRV,0
1928,DEU,0
1928,ARM,0
1928,SRB,0
1928,NGA,0
1928,IND,14
1928,BEL,6
1928,DZA,0
1928,JAM,0
1928,TTO,0
1928,COL,0
1928,LUX,1
1928,BWA,0
1928,TUN,0
1928,KOR,0
1928,PRK,0
1928,CHN,0
1928,BIH,12
1928,GUY,0
1928,ISR,0
1928,KAZ,0
1928,GEO,0
1928,KEN,0
1928,ISL,0
1928,HTI,1
1928,MYS,0
1928,IRQ,0
1928,CZE,0
1928,SVK,0
1928,BHS,0
1928,AUS,0
1928,PRY,0
1928,MNE,0
1928,IRL,1
1928,PRT,6
1928,GTM,0
1928,SRB,0
1928,TZA,0
1928,LBN,0
1928,KGZ,0
1928,LVA,0
1928,NLD,0
1928,VEN,0
1928,THA,0
1928,TGO,0
1928,PER,0
1928,EST,9
1928,SVN,0
1928,NPL,0
1928,CHN,0
1928,ZWE,0
1928,MNG,0
1928,MDA,0
1928,CIV,0
1928,FJI,0
1928,SEN,0
1928,DOM,0
1928,PHL,1
1928,EGY,0
1928,SGP,0
1928,NAM,0
1928,LIE,0
1928,WIF,0
1928,AUT,0
1928,BMU,0
1928,VNM,0
1928,VGB,0
1928,MKD,0
1928,SDN,0
1928,BHR,0
1928,GRD,0
1928,LKA,0
1928,MUS,0
1928,SRB,0
1928,HKG,0
1928,CYP,0
1928,PAN,0
1928,ZMB,0
1928,MCO,0
1928,MOZ,0
1928,SUR,0
1928,AFG,0
1928,BDI,0
1928,GAB,0
1928,ECU,0
1928,CRI,0
1928,DJI,0
1928,ERI,0
1928,BRB,0
1928,TON,0
1932,DNK,11
1932,FIN,32
1932,NOR,10
1932,NLD,13
1932,FRA,42
1932,ITA,77
1932,ESP,1
1932,AZE,0
1932,RUS,0
1932,BLR,0
1932,CMR,0
1932,USA,223
1932,HUN,35
1932,GRC,0
1932,AUS,5
1932,IRN,0
1932,CAN,59
1932,PAK,0
1932,RUS,0
1932,UZB,0
1932,TJK,0
1932,RUS,0
1932,JPN,31
1932,ETH,0
1932,CHE,3
1932,DEU,0
1932,SWE,35
1932,ZAF,5
1932,TUR,0
1932,BGR,0
1932,EGY,0
1932,GBR,35
1932,JOR,0
1932,ROU,0
1932,PRI,0
1932,MEX,2
1932,GHA,0
1932,MAR,0
1932,NZL,2
1932,DEU,57
1932,ARG,4
1932,CUB,0
1932,URY,1
1932,POL,21
1932,CZE,6
1932,NER,0
1932,BRA,0
1932,AUT,7
1932,LTU,0
1932,IDN,0
1932,CHL,0
1932,UKR,0
1932,UGA,0
1932,SYR,0
1932,QAT,0
1932,KUW,0
1932,SSD,0
1932,SAU,0
1932,ARE,0
1932,HRV,0
1932,DEU,0
1932,ARM,0
1932,SRB,0
1932,NGA,0
1932,IND,15
1932,BEL,1
1932,DZA,0
1932,JAM,0
1932,TTO,0
1932,COL,0
1932,LUX,0
1932,BWA,0
1932,TUN,0
1932,KOR,0
1932,PRK,0
1932,CHN,0
1932,BIH,0
1932,GUY,0
1932,ISR,0
1932,KAZ,0
1932,GEO,0
1932,KEN,0
1932,ISL,0
1932,HTI,0
1932,MYS,0
1932,IRQ,0
1932,CZE,0
1932,SVK,0
1932,BHS,0
1932,AUS,0
1932,PRY,0
1932,MNE,0
1932,IRL,2
1932,PRT,0
1932,GTM,0
1932,SRB,0
1932,TZA,0
1932,LBN,0
1932,KGZ,0
1932,LVA,1
1932,NLD,0
1932,VEN,0
1932,THA,0
1932,TGO,0
1932,PER,0
1932,EST,0
1932,SVN,0
1932,NPL,0
1932,CHN,0
1932,ZWE,0
1932,MNG,0
1932,MDA,0
1932,CIV,0
1932,FJI,0
1932,SEN,0
1932,DOM,0
1932,PHL,3
1932,EGY,0
1932,SGP,0
1932,NAM,0
1932,LIE,0
1932,WIF,0
1932,AUT,0
1932,BMU,0
1932,VNM,0
1932,VGB,0
1932,MKD,0
1932,SDN,0
1932,BHR,0
1932,GRD,0
1932,LKA,0
1932,MUS,0
1932,SRB,0
1932,HKG,0
1932,CYP,0
1932,PAN,0
1932,ZMB,0
1932,MCO,0
1932,MOZ,0
1932,SUR,0
1932,AFG,0
1932,BDI,0
1932,GAB,0
1932,ECU,0
1932,CRI,0
1932,DJI,0
1932,ERI,0
1932,BRB,0
1932,TON,0
1936,DNK,6
1936,FIN,36
1936,NOR,46
1936,NLD,37
1936,FRA,45
1936,ITA,76
1936,ESP,0
1936,AZE,0
1936,RUS,0
1936,BLR,0
1936,CMR,0
1936,USA,112
1936,HUN,43
1936,GRC,0
1936,AUS,1
1936,IRN,0
1936,CAN,35
1936,PAK,0
1936,RUS,0
1936,UZB,0
1936,TJK,0
1936,RUS,0
1936,JPN,23
1936,ETH,0
1936,CHE,62
1936,DEU,0
1936,SWE,45
1936,ZAF,1
1936,TUR,2
1936,BGR,0
1936,EGY,5
1936,GBR,53
1936,JOR,0
1936,ROU,1
1936,PRI,0
1936,MEX,16
1936,GHA,0
1936,MAR,0
1936,NZL,1
1936,DEU,231
1936,ARG,11
1936,CUB,0
1936,URY,0
1936,POL,12
1936,CZE,18
1936,NER,0
1936,BRA,0
1936,AUT,60
1936,LTU,0
1936,IDN,0
1936,CHL,0
1936,UKR,0
1936,UGA,0
1936,SYR,0
1936,QAT,0
1936,KUW,0
1936,SSD,0
1936,SAU,0
1936,ARE,0
1936,HRV,0
1936,DEU,0
1936,ARM,0
1936,SRB,0
1936,NGA,0
1936,IND,19
1936,BEL,14
1936,DZA,0
1936,JAM,0
1936,TTO,0
1936,COL,0
1936,LUX,0
1936,BWA,0
1936,TUN,0
1936,KOR,0
1936,PRK,0
1936,CHN,0
1936,BIH,1
1936,GUY,0
1936,ISR,0
1936,KAZ,0
1936,GEO,0
1936,KEN,0
1936,ISL,0
1936,HTI,0
1936,MYS,0
1936,IRQ,0
1936,CZE,0
1936,SVK,0
1936,BHS,0
1936,AUS,0
1936,PRY,0
1936,MNE,0
1936,IRL,0
1936,PRT,3
1936,GTM,0
1936,SRB,0
1936,TZA,0
1936,LBN,0
1936,KGZ,0
1936,LVA,2
1936,NLD,0
1936,VEN,0
1936,THA,0
1936,TGO,0
1936,PER,0
1936,EST,7
1936,SVN,0
1936,NPL,0
1936,CHN,0
1936,ZWE,0
1936,MNG,0
1936,MDA,0
1936,CIV,0
1936,FJI,0
1936,SEN,0
1936,DOM,0
1936,PHL,1
1936,EGY,0
1936,SGP,0
1936,NAM,0
1936,LIE,0
1936,WIF,0
1936,AUT,0
1936,BMU,0
1936,VNM,0
1936,VGB,0
1936,MKD,0
1936,SDN,0
1936,BHR,0
1936,GRD,0
1936,LKA,0
1936,MUS,0
1936,SRB,0
1936,HKG,0
1936,CYP,0
1936,PAN,0
1936,ZMB,0
1936,MCO,0
1936,MOZ,0
1936,SUR,0
1936,AFG,0
1936,BDI,0
1936,GAB,0
1936,ECU,0
1936,CRI,0
1936,DJI,0
1936,ERI,0
1936,BRB,0
1936,TON,0
1940,DNK,0
1940,FIN,0
1940,NOR,0
1940,NLD,0
1940,FRA,0
1940,ITA,0
1940,ESP,0
1940,AZE,0
1940,RUS,0
1940,BLR,0
1940,CMR,0
1940,USA,0
1940,HUN,0
1940,GRC,0
1940,AUS,0
1940,IRN,0
1940,CAN,0
1940,PAK,0
1940,RUS,0
1940,UZB,0
1940,TJK,0
1940,RUS,0
1940,JPN,0
1940,ETH,0
1940,CHE,0
1940,DEU,0
1940,SWE,0
1940,ZAF,0
1940,TUR,0
1940,BGR,0
1940,EGY,0
1940,GBR,0
1940,JOR,0
1940,ROU,0
1940,PRI,0
1940,MEX,0
1940,GHA,0
1940,MAR,0
1940,NZL,0
1940,DEU,0
1940,ARG,0
1940,CUB,0
1940,URY,0
1940,POL,0
1940,CZE,0
1940,NER,0
1940,BRA,0
1940,AUT,0
1940,LTU,0
1940,IDN,0
1940,CHL,0
1940,UKR,0
1940,UGA,0
1940,SYR,0
1940,QAT,0
1940,KUW,0
1940,SSD,0
1940,SAU,0
1940,ARE,0
1940,HRV,0
1940,DEU,0
1940,ARM,0
1940,SRB,0
1940,NGA,0
1940,IND,0
1940,BEL,0
1940,DZA,0
1940,JAM,0
1940,TTO,0
1940,COL,0
1940,LUX,0
1940,BWA,0
1940,TUN,0
1940,KOR,0
1940,PRK,0
1940,CHN,0
1940,BIH,0
1940,GUY,0
1940,ISR,0
1940,KAZ,0
1940,GEO,0
1940,KEN,0
1940,ISL,0
1940,HTI,0
1940,MYS,0
1940,IRQ,0
1940,CZE,0
1940,SVK,0
1940,BHS,0
1940,AUS,0
1940,PRY,0
1940,MNE,0
1940,IRL,0
1940,PRT,0
1940,GTM,0
1940,SRB,0
1940,TZA,0
1940,LBN,0
1940,KGZ,0
1940,LVA,0
1940,NLD,0
1940,VEN,0
1940,THA,0
1940,TGO,0
1940,PER,0
1940,EST,0
1940,SVN,0
1940,NPL,0
1940,CHN,0
1940,ZWE,0
1940,MNG,0
1940,MDA,0
1940,CIV,0
1940,FJI,0
1940,SEN,0
1940,DOM,0
1940,PHL,0
1940,EGY,0
1940,SGP,0
1940,NAM,0
1940,LIE,0
1940,WIF,0
1940,AUT,0
1940,BMU,0
1940,VNM,0
1940,VGB,0
1940,MKD,0
1940,SDN,0
1940,BHR,0
1940,GRD,0
1940,LKA,0
1940,MUS,0
1940,SRB,0
1940,HKG,0
1940,CYP,0
1940,PAN,0
1940,ZMB,0
1940,MCO,0
1940,MOZ,0
1940,SUR,0
1940,AFG,0
1940,BDI,0
1940,GAB,0
1940,ECU,0
1940,CRI,0
1940,DJI,0
1940,ERI,0
1940,BRB,0
1940,TON,0
1944,DNK,0
1944,FIN,0
1944,NOR,0
1944,NLD,0
1944,FRA,0
1944,ITA,0
1944,ESP,0
1944,AZE,0
1944,RUS,0
1944,BLR,0
1944,CMR,0
1944,USA,0
1944,HUN,0
1944,GRC,0
1944,AUS,0
1944,IRN,0
1944,CAN,0
1944,PAK,0
1944,RUS,0
1944,UZB,0
1944,TJK,0
1944,RUS,0
1944,JPN,0
1944,ETH,0
1944,CHE,0
1944,DEU,0
1944,SWE,0
1944,ZAF,0
1944,TUR,0
1944,BGR,0
1944,EGY,0
1944,GBR,0
1944,JOR,0
1944,ROU,0
1944,PRI,0
1944,MEX,0
1944,GHA,0
1944,MAR,0
1944,NZL,0
1944,DEU,0
1944,ARG,0
1944,CUB,0
1944,URY,0
1944,POL,0
1944,CZE,0
1944,NER,0
1944,BRA,0
1944,AUT,0
1944,LTU,0
1944,IDN,0
1944,CHL,0
1944,UKR,0
1944,UGA,0
1944,SYR,0
1944,QAT,0
1944,KUW,0
1944,SSD,0
1944,SAU,0
1944,ARE,0
1944,HRV,0
1944,DEU,0
1944,ARM,0
1944,SRB,0
1944,NGA,0
1944,IND,0
1944,BEL,0
1944,DZA,0
1944,JAM,0
1944,TTO,0
1944,COL,0
1944,LUX,0
1944,BWA,0
1944,TUN,0
1944,KOR,0
1944,PRK,0
1944,CHN,0
1944,BIH,0
1944,GUY,0
1944,ISR,0
1944,KAZ,0
1944,GEO,0
1944,KEN,0
1944,ISL,0
1944,HTI,0
1944,MYS,0
1944,IRQ,0
1944,CZE,0
1944,SVK,0
1944,BHS,0
1944,AUS,0
1944,PRY,0
1944,MNE,0
1944,IRL,0
1944,PRT,0
1944,GTM,0
1944,SRB,0
1944,TZA,0
1944,LBN,0
1944,KGZ,0
1944,LVA,0
1944,NLD,0
1944,VEN,0
1944,THA,0
1944,TGO,0
1944,PER,0
1944,EST,0
1944,SVN,0
1944,NPL,0
1944,CHN,0
1944,ZWE,0
1944,MNG,0
1944,MDA,0
1944,CIV,0
1944,FJI,0
1944,SEN,0
1944,DOM,0
1944,PHL,0
1944,EGY,0
1944,SGP,0
1944,NAM,0
1944,LIE,0
1944,WIF,0
1944,AUT,0
1944,BMU,0
1944,VNM,0
1944,VGB,0
1944,MKD,0
1944,SDN,0
1944,BHR,0
1944,GRD,0
1944,LKA,0
1944,MUS,0
1944,SRB,0
1944,HKG,0
1944,CYP,0
1944,PAN,0
1944,ZMB,0
1944,MCO,0
1944,MOZ,0
1944,SUR,0
1944,AFG,0
1944,BDI,0
1944,GAB,0
1944,ECU,0
1944,CRI,0
1944,DJI,0
1944,ERI,0
1944,BRB,0
1944,TON,0
1948,DNK,51
1948,FIN,42
1948,NOR,31
1948,NLD,42
1948,FRA,77
1948,ITA,68
1948,ESP,3
1948,AZE,0
1948,RUS,0
1948,BLR,0
1948,CMR,0
1948,USA,168
1948,HUN,64
1948,GRC,0
1948,AUS,16
1948,IRN,1
1948,CAN,22
1948,PAK,0
1948,RUS,0
1948,UZB,0
1948,TJK,0
1948,RUS,0
1948,JPN,0
1948,ETH,0
1948,CHE,64
1948,DEU,0
1948,SWE,88
1948,ZAF,6
1948,TUR,12
1948,BGR,0
1948,EGY,5
1948,GBR,63
1948,JOR,0
1948,ROU,0
1948,PRI,1
1948,MEX,9
1948,GHA,0
1948,MAR,0
1948,NZL,0
1948,DEU,0
1948,ARG,11
1948,CUB,2
1948,URY,3
1948,POL,2
1948,CZE,37
1948,NER,0
1948,BRA,10
1948,AUT,16
1948,LTU,0
1948,IDN,0
1948,CHL,0
1948,UKR,0
1948,UGA,0
1948,SYR,0
1948,QAT,0
1948,KUW,0
1948,SSD,0
1948,SAU,0
1948,ARE,0
1948,HRV,0
1948,DEU,0
1948,ARM,0
1948,SRB,0
1948,NGA,0
1948,IND,20
1948,BEL,21
1948,DZA,0
1948,JAM,3
1948,TTO,1
1948,COL,0
1948,LUX,0
1948,BWA,0
1948,TUN,0
1948,KOR,2
1948,PRK,0
1948,CHN,0
1948,BIH,16
1948,GUY,0
1948,ISR,0
1948,KAZ,0
1948,GEO,0
1948,KEN,0
1948,ISL,0
1948,HTI,0
1948,MYS,0
1948,IRQ,0
1948,CZE,0
1948,SVK,0
1948,BHS,0
1948,AUS,0
1948,PRY,0
1948,MNE,0
1948,IRL,1
1948,PRT,5
1948,GTM,0
1948,SRB,0
1948,TZA,0
1948,LBN,0
1948,KGZ,0
1948,LVA,0
1948,NLD,0
1948,VEN,0
1948,THA,0
1948,TGO,0
1948,PER,1
1948,EST,0
1948,SVN,0
1948,NPL,0
1948,CHN,0
1948,ZWE,0
1948,MNG,0
1948,MDA,0
1948,CIV,0
1948,FJI,0
1948,SEN,0
1948,DOM,0
1948,PHL,0
1948,EGY,0
1948,SGP,0
1948,NAM,0
1948,LIE,0
1948,WIF,0
1948,AUT,0
1948,BMU,0
1948,VNM,0
1948,VGB,0
1948,MKD,0
1948,SDN,0
1948,BHR,0
1948,GRD,0
1948,LKA,1
1948,MUS,0
1948,SRB,0
1948,HKG,0
1948,CYP,0
1948,PAN,2
1948,ZMB,0
1948,MCO,0
1948,MOZ,0
1948,SUR,0
1948,AFG,0
1948,BDI,0
1948,GAB,0
1948,ECU,0
1948,CRI,0
1948,DJI,0
1948,ERI,0
1948,BRB,0
1948,TON,0
1952,DNK,9
1952,FIN,52
1952,NOR,32
1952,NLD,21
1952,FRA,41
1952,ITA,56
1952,ESP,1
1952,AZE,0
1952,RUS,0
1952,BLR,0
1952,CMR,0
1952,USA,164
1952,HUN,104
1952,GRC,0
1952,AUS,20
1952,IRN,7
1952,CAN,21
1952,PAK,0
1952,RUS,117
1952,UZB,0
1952,TJK,0
1952,RUS,0
1952,JPN,12
1952,ETH,0
1952,CHE,39
1952,DEU,0
1952,SWE,93
1952,ZAF,14
1952,TUR,3
1952,BGR,1
1952,EGY,1
1952,GBR,32
1952,JOR,0
1952,ROU,4
1952,PRI,0
1952,MEX,1
1952,GHA,0
1952,MAR,0
1952,NZL,3
1952,DEU,52
1952,ARG,6
1952,CUB,0
1952,URY,14
1952,POL,4
1952,CZE,25
1952,NER,0
1952,BRA,3
1952,AUT,11
1952,LTU,0
1952,IDN,0
1952,CHL,4
1952,UKR,0
1952,UGA,0
1952,SYR,0
1952,QAT,0
1952,KUW,0
1952,SSD,0
1952,SAU,0
1952,ARE,0
1952,HRV,0
1952,DEU,0
1952,ARM,0
1952,SRB,0
1952,NGA,0
1952,IND,15
1952,BEL,8
1952,DZA,0
1952,JAM,8
1952,TTO,2
1952,COL,0
1952,LUX,1
1952,BWA,0
1952,TUN,0
1952,KOR,2
1952,PRK,0
1952,CHN,0
1952,BIH,24
1952,GUY,0
1952,ISR,0
1952,KAZ,0
1952,GEO,0
1952,KEN,0
1952,ISL,0
1952,HTI,0
1952,MYS,0
1952,IRQ,0
1952,CZE,0
1952,SVK,0
1952,BHS,0
1952,AUS,0
1952,PRY,0
1952,MNE,0
1952,IRL,1
1952,PRT,2
1952,GTM,0
1952,SRB,0
1952,TZA,0
1952,LBN,2
1952,KGZ,0
1952,LVA,0
1952,NLD,0
1952,VEN,1
1952,THA,0
1952,TGO,0
1952,PER,0
1952,EST,0
1952,SVN,0
1952,NPL,0
1952,CHN,0
1952,ZWE,0
1952,MNG,0
1952,MDA,0
1952,CIV,0
1952,FJI,0
1952,SEN,0
1952,DOM,0
1952,PHL,0
1952,EGY,0
1952,SGP,0
1952,NAM,0
1952,LIE,0
1952,WIF,0
1952,AUT,0
1952,BMU,0
1952,VNM,0
1952,VGB,0
1952,MKD,0
1952,SDN,0
1952,BHR,0
1952,GRD,0
1952,LKA,0
1952,MUS,0
1952,SRB,0
1952,HKG,0
1952,CYP,0
1952,PAN,0
1952,ZMB,0
1952,MCO,0
1952,MOZ,0
1952,SUR,0
1952,AFG,0
1952,BDI,0
1952,GAB,0
1952,ECU,0
1952,CRI,0
1952,DJI,0
1952,ERI,0
1952,BRB,0
1952,TON,0
1956,DNK,6
1956,FIN,38
1956,NOR,7
1956,NLD,0
1956,FRA,33
1956,ITA,55
1956,ESP,0
1956,AZE,0
1956,RUS,0
1956,BLR,0
1956,CMR,0
1956,USA,149
1956,HUN,66
1956,GRC,1
1956,AUS,67
1956,IRN,5
1956,CAN,39
1956,PAK,14
1956,RUS,206
1956,UZB,0
1956,TJK,0
1956,RUS,0
1956,JPN,25
1956,ETH,0
1956,CHE,13
1956,DEU,0
1956,SWE,49
1956,ZAF,7
1956,TUR,7
1956,BGR,18
1956,EGY,0
1956,GBR,46
1956,JOR,0
1956,ROU,19
1956,PRI,0
1956,MEX,2
1956,GHA,0
1956,MAR,0
1956,NZL,3
1956,DEU,54
1956,ARG,2
1956,CUB,0
1956,URY,12
1956,POL,20
1956,CZE,7
1956,NER,0
1956,BRA,1
1956,AUT,16
1956,LTU,0
1956,IDN,0
1956,CHL,4
1956,UKR,0
1956,UGA,0
1956,SYR,0
1956,QAT,0
1956,KUW,0
1956,SSD,0
1956,SAU,0
1956,ARE,0
1956,HRV,0
1956,DEU,0
1956,ARM,0
1956,SRB,0
1956,NGA,0
1956,IND,17
1956,BEL,2
1956,DZA,0
1956,JAM,0
1956,TTO,0
1956,COL,0
1956,LUX,0
1956,BWA,0
1956,TUN,0
1956,KOR,2
1956,PRK,0
1956,CHN,0
1956,BIH,23
1956,GUY,0
1956,ISR,0
1956,KAZ,0
1956,GEO,0
1956,KEN,0
1956,ISL,1
1956,HTI,0
1956,MYS,0
1956,IRQ,0
1956,CZE,0
1956,SVK,0
1956,BHS,2
1956,AUS,0
1956,PRY,0
1956,MNE,0
1956,IRL,5
1956,PRT,0
1956,GTM,0
1956,SRB,0
1956,TZA,0
1956,LBN,0
1956,KGZ,0
1956,LVA,0
1956,NLD,0
1956,VEN,0
1956,THA,0
1956,TGO,0
1956,PER,0
1956,EST,0
1956,SVN,0
1956,NPL,0
1956,CHN,0
1956,ZWE,0
1956,MNG,0
1956,MDA,0
1956,CIV,0
1956,FJI,0
1956,SEN,0
1956,DOM,0
1956,PHL,0
1956,EGY,0
1956,SGP,0
1956,NAM,0
1956,LIE,0
1956,WIF,0
1956,AUT,0
1956,BMU,0
1956,VNM,0
1956,VGB,0
1956,MKD,0
1956,SDN,0
1956,BHR,0
1956,GRD,0
1956,LKA,0
1956,MUS,0
1956,SRB,0
1956,HKG,0
1956,CYP,0
1956,PAN,0
1956,ZMB,0
1956,MCO,0
1956,MOZ,0
1956,SUR,0
1956,AFG,0
1956,BDI,0
1956,GAB,0
1956,ECU,0
1956,CRI,0
1956,DJI,0
1956,ERI,0
1956,BRB,0
1956,TON,0
1960,DNK,23
1960,FIN,19
1960,NOR,11
1960,NLD,5
1960,FRA,15
1960,ITA,89
1960,ESP,14
1960,AZE,0
1960,RUS,0
1960,BLR,0
1960,CMR,0
1960,USA,152
1960,HUN,66
1960,GRC,3
1960,AUS,46
1960,IRN,4
1960,CAN,30
1960,PAK,14
1960,RUS,211
1960,UZB,0
1960,TJK,0
1960,RUS,0
1960,JPN,31
1960,ETH,1
1960,CHE,14
1960,DEU,0
1960,SWE,16
1960,ZAF,3
1960,TUR,9
1960,BGR,7
1960,EGY,0
1960,GBR,28
1960,JOR,0
1960,ROU,15
1960,PRI,0
1960,MEX,1
1960,GHA,1
1960,MAR,1
1960,NZL,3
1960,DEU,98
1960,ARG,4
1960,CUB,0
1960,URY,0
1960,POL,32
1960,CZE,23
1960,NER,0
1960,BRA,13
1960,AUT,9
1960,LTU,0
1960,IDN,0
1960,CHL,0
1960,UKR,0
1960,UGA,0
1960,SYR,0
1960,QAT,0
1960,KUW,0
1960,SSD,0
1960,SAU,0
1960,ARE,0
1960,HRV,0
1960,DEU,0
1960,ARM,0
1960,SRB,0
1960,NGA,0
1960,IND,13
1960,BEL,4
1960,DZA,0
1960,JAM,0
1960,TTO,0
1960,COL,0
1960,LUX,0
1960,BWA,0
1960,TUN,0
1960,KOR,0
1960,PRK,0
1960,CHN,0
1960,BIH,17
1960,GUY,0
1960,ISR,0
1960,KAZ,0
1960,GEO,0
1960,KEN,0
1960,ISL,0
1960,HTI,0
1960,MYS,0
1960,IRQ,1
1960,CZE,0
1960,SVK,0
1960,BHS,0
1960,AUS,0
1960,PRY,0
1960,MNE,0
1960,IRL,0
1960,PRT,2
1960,GTM,0
1960,SRB,0
1960,TZA,0
1960,LBN,0
1960,KGZ,0
1960,LVA,0
1960,NLD,0
1960,VEN,1
1960,THA,0
1960,TGO,0
1960,PER,0
1960,EST,0
1960,SVN,0
1960,NPL,0
1960,CHN,1
1960,ZWE,0
1960,MNG,0
1960,MDA,0
1960,CIV,0
1960,FJI,0
1960,SEN,0
1960,DOM,0
1960,PHL,0
1960,EGY,2
1960,SGP,1
1960,NAM,0
1960,LIE,0
1960,WIF,5
1960,AUT,0
1960,BMU,0
1960,VNM,0
1960,VGB,0
1960,MKD,0
1960,SDN,0
1960,BHR,0
1960,GRD,0
1960,LKA,0
1960,MUS,0
1960,SRB,0
1960,HKG,0
1960,CYP,0
1960,PAN,0
1960,ZMB,0
1960,MCO,0
1960,MOZ,0
1960,SUR,0
1960,AFG,0
1960,BDI,0
1960,GAB,0
1960,ECU,0
1960,CRI,0
1960,DJI,0
1960,ERI,0
1960,BRB,0
1960,TON,0
1964,DNK,12
1964,FIN,20
1964,NOR,15
1964,NLD,33
1964,FRA,38
1964,ITA,61
1964,ESP,0
1964,AZE,0
1964,RUS,0
1964,BLR,0
1964,CMR,0
1964,USA,177
1964,HUN,56
1964,GRC,0
1964,AUS,44
1964,IRN,2
1964,CAN,12
1964,PAK,16
1964,RUS,221
1964,UZB,0
1964,TJK,0
1964,RUS,0
1964,JPN,62
1964,ETH,1
1964,CHE,6
1964,DEU,0
1964,SWE,43
1964,ZAF,0
1964,TUR,6
1964,BGR,10
1964,EGY,0
1964,GBR,30
1964,JOR,0
1964,ROU,16
1964,PRI,0
1964,MEX,1
1964,GHA,1
1964,MAR,0
1964,NZL,6
1964,DEU,126
1964,ARG,1
1964,CUB,1
1964,URY,1
1964,POL,46
1964,CZE,71
1964,NER,1
1964,BRA,12
1964,AUT,17
1964,LTU,0
1964,IDN,0
1964,CHL,0
1964,UKR,0
1964,UGA,0
1964,SYR,0
1964,QAT,0
1964,KUW,0
1964,SSD,0
1964,SAU,0
1964,ARE,0
1964,HRV,0
1964,DEU,0
1964,ARM,0
1964,SRB,0
1964,NGA,0
1964,IND,15
1964,BEL,3
1964,DZA,0
1964,JAM,0
1964,TTO,6
1964,COL,0
1964,LUX,0
1964,BWA,0
1964,TUN,2
1964,KOR,3
1964,PRK,1
1964,CHN,0
1964,BIH,15
1964,GUY,0
1964,ISR,0
1964,KAZ,0
1964,GEO,0
1964,KEN,1
1964,ISL,0
1964,HTI,0
1964,MYS,0
1964,IRQ,0
1964,CZE,0
1964,SVK,0
1964,BHS,2
1964,AUS,0
1964,PRY,0
1964,MNE,0
1964,IRL,1
1964,PRT,0
1964,GTM,0
1964,SRB,0
1964,TZA,0
1964,LBN,0
1964,KGZ,0
1964,LVA,0
1964,NLD,0
1964,VEN,0
1964,THA,0
1964,TGO,0
1964,PER,0
1964,EST,0
1964,SVN,0
1964,NPL,0
1964,CHN,0
1964,ZWE,0
1964,MNG,0
1964,MDA,0
1964,CIV,0
1964,FJI,0
1964,SEN,0
1964,DOM,0
1964,PHL,1
1964,EGY,0
1964,SGP,0
1964,NAM,0
1964,LIE,0
1964,WIF,0
1964,AUT,0
1964,BMU,0
1964,VNM,0
1964,VGB,0
1964,MKD,0
1964,SDN,0
1964,BHR,0
1964,GRD,0
1964,LKA,0
1964,MUS,0
1964,SRB,0
1964,HKG,0
1964,CYP,0
1964,PAN,0
1964,ZMB,0
1964,MCO,0
1964,MOZ,0
1964,SUR,0
1964,AFG,0
1964,BDI,0
1964,GAB,0
1964,ECU,0
1964,CRI,0
1964,DJI,0
1964,ERI,0
1964,BRB,0
1964,TON,0
1968,DNK,17
1968,FIN,12
1968,NOR,28
1968,NLD,23
1968,FRA,36
1968,ITA,41
1968,ESP,0
1968,AZE,0
1968,RUS,0
1968,BLR,0
1968,CMR,1
1968,USA,173
1968,HUN,81
1968,GRC,1
1968,AUS,51
1968,IRN,5
1968,CAN,30
1968,PAK,13
1968,RUS,229
1968,UZB,0
1968,TJK,0
1968,RUS,0
1968,JPN,63
1968,ETH,2
1968,CHE,22
1968,DEU,58
1968,SWE,25
1968,ZAF,0
1968,TUR,2
1968,BGR,26
1968,EGY,0
1968,GBR,19
1968,JOR,0
1968,ROU,25
1968,PRI,0
1968,MEX,9
1968,GHA,0
1968,MAR,0
1968,NZL,7
1968,DEU,0
1968,ARG,2
1968,CUB,10
1968,URY,0
1968,POL,37
1968,CZE,50
1968,NER,0
1968,BRA,4
1968,AUT,20
1968,LTU,0
1968,IDN,0
1968,CHL,0
1968,UKR,0
1968,UGA,2
1968,SYR,0
1968,QAT,0
1968,KUW,0
1968,SSD,0
1968,SAU,0
1968,ARE,0
1968,HRV,0
1968,DEU,61
1968,ARM,0
1968,SRB,0
1968,NGA,0
1968,IND,16
1968,BEL,3
1968,DZA,0
1968,JAM,1
1968,TTO,0
1968,COL,0
1968,LUX,0
1968,BWA,0
1968,TUN,2
1968,KOR,2
1968,PRK,0
1968,CHN,0
1968,BIH,29
1968,GUY,0
1968,ISR,0
1968,KAZ,0
1968,GEO,0
1968,KEN,12
1968,ISL,0
1968,HTI,0
1968,MYS,0
1968,IRQ,0
1968,CZE,0
1968,SVK,0
1968,BHS,0
1968,AUS,0
1968,PRY,0
1968,MNE,0
1968,IRL,0
1968,PRT,0
1968,GTM,0
1968,SRB,0
1968,TZA,0
1968,LBN,0
1968,KGZ,0
1968,LVA,0
1968,NLD,0
1968,VEN,1
1968,THA,0
1968,TGO,0
1968,PER,0
1968,EST,0
1968,SVN,0
1968,NPL,0
1968,CHN,1
1968,ZWE,0
1968,MNG,4
1968,MDA,0
1968,CIV,0
1968,FJI,0
1968,SEN,0
1968,DOM,0
1968,PHL,0
1968,EGY,0
1968,SGP,0
1968,NAM,0
1968,LIE,0
1968,WIF,0
1968,AUT,0
1968,BMU,0
1968,VNM,0
1968,VGB,0
1968,MKD,0
1968,SDN,0
1968,BHR,0
1968,GRD,0
1968,LKA,0
1968,MUS,0
1968,SRB,0
1968,HKG,0
1968,CYP,0
1968,PAN,0
1968,ZMB,0
1968,MCO,0
1968,MOZ,0
1968,SUR,0
1968,AFG,0
1968,BDI,0
1968,GAB,0
1968,ECU,0
1968,CRI,0
1968,DJI,0
1968,ERI,0
1968,BRB,0
1968,TON,0
1972,DNK,1
1972,FIN,20
1972,NOR,25
1972,NLD,15
1972,FRA,25
1972,ITA,34
1972,ESP,2
1972,AZE,0
1972,RUS,0
1972,BLR,0
1972,CMR,0
1972,USA,195
1972,HUN,81
1972,GRC,2
1972,AUS,20
1972,IRN,3
1972,CAN,12
1972,PAK,15
1972,RUS,259
1972,UZB,0
1972,TJK,0
1972,RUS,0
1972,JPN,59
1972,ETH,2
1972,CHE,25
1972,DEU,171
1972,SWE,26
1972,ZAF,0
1972,TUR,1
1972,BGR,22
1972,EGY,0
1972,GBR,29
1972,JOR,0
1972,ROU,40
1972,PRI,0
1972,MEX,1
1972,GHA,1
1972,MAR,0
1972,NZL,14
1972,DEU,0
1972,ARG,1
1972,CUB,22
1972,URY,0
1972,POL,47
1972,CZE,49
1972,NER,1
1972,BRA,2
1972,AUT,8
1972,LTU,0
1972,IDN,0
1972,CHL,0
1972,UKR,0
1972,UGA,2
1972,SYR,0
1972,QAT,0
1972,KUW,0
1972,SSD,0
1972,SAU,0
1972,ARE,0
1972,HRV,0
1972,DEU,112
1972,ARM,0
1972,SRB,0
1972,NGA,1
1972,IND,14
1972,BEL,2
1972,DZA,0
1972,JAM,1
1972,TTO,0
1972,COL,3
1972,LUX,0
1972,BWA,0
1972,TUN,1
1972,KOR,1
1972,PRK,15
1972,CHN,0
1972,BIH,18
1972,GUY,0
1972,ISR,0
1972,KAZ,0
1972,GEO,0
1972,KEN,12
1972,ISL,0
1972,HTI,0
1972,MYS,0
1972,IRQ,0
1972,CZE,0
1972,SVK,0
1972,BHS,0
1972,AUS,0
1972,PRY,0
1972,MNE,0
1972,IRL,0
1972,PRT,0
1972,GTM,0
1972,SRB,0
1972,TZA,0
1972,LBN,1
1972,KGZ,0
1972,LVA,0
1972,NLD,0
1972,VEN,0
1972,THA,0
1972,TGO,0
1972,PER,0
1972,EST,0
1972,SVN,0
1972,NPL,0
1972,CHN,0
1972,ZWE,0
1972,MNG,1
1972,MDA,0
1972,CIV,0
1972,FJI,0
1972,SEN,0
1972,DOM,0
1972,PHL,0
1972,EGY,0
1972,SGP,0
1972,NAM,0
1972,LIE,0
1972,WIF,0
1972,AUT,0
1972,BMU,0
1972,VNM,0
1972,VGB,0
1972,MKD,0
1972,SDN,0
1972,BHR,0
1972,GRD,0
1972,LKA,0
1972,MUS,0
1972,SRB,0
1972,HKG,0
1972,CYP,0
1972,PAN,0
1972,ZMB,0
1972,MCO,0
1972,MOZ,0
1972,SUR,0
1972,AFG,0
1972,BDI,0
1972,GAB,0
1972,ECU,0
1972,CRI,0
1972,DJI,0
1972,ERI,0
1972,BRB,0
1972,TON,0
1976,DNK,8
1976,FIN,22
1976,NOR,16
1976,NLD,20
1976,FRA,21
1976,ITA,35
1976,ESP,6
1976,AZE,0
1976,RUS,0
1976,BLR,0
1976,CMR,0
1976,USA,175
1976,HUN,55
1976,GRC,0
1976,AUS,23
1976,IRN,2
1976,CAN,26
1976,PAK,16
1976,RUS,342
1976,UZB,0
1976,TJK,0
1976,RUS,0
1976,JPN,41
1976,ETH,0
1976,CHE,19
1976,DEU,227
1976,SWE,12
1976,ZAF,0
1976,TUR,0
1976,BGR,39
1976,EGY,0
1976,GBR,33
1976,JOR,0
1976,ROU,55
1976,PRI,1
1976,MEX,2
1976,GHA,0
1976,MAR,0
1976,NZL,25
1976,DEU,0
1976,ARG,0
1976,CUB,24
1976,URY,0
1976,POL,73
1976,CZE,34
1976,NER,0
1976,BRA,3
1976,AUT,8
1976,LTU,0
1976,IDN,0
1976,CHL,0
1976,UKR,0
1976,UGA,0
1976,SYR,0
1976,QAT,0
1976,KUW,0
1976,SSD,0
1976,SAU,0
1976,ARE,0
1976,HRV,0
1976,DEU,110
1976,ARM,0
1976,SRB,0
1976,NGA,0
1976,IND,0
1976,BEL,9
1976,DZA,0
1976,JAM,2
1976,TTO,1
1976,COL,0
1976,LUX,0
1976,BWA,0
1976,TUN,0
1976,KOR,17
1976,PRK,2
1976,CHN,0
1976,BIH,19
1976,GUY,0
1976,ISR,0
1976,KAZ,0
1976,GEO,0
1976,KEN,0
1976,ISL,0
1976,HTI,0
1976,MYS,0
1976,IRQ,0
1976,CZE,0
1976,SVK,0
1976,BHS,0
1976,AUS,0
1976,PRY,0
1976,MNE,0
1976,IRL,0
1976,PRT,2
1976,GTM,0
1976,SRB,0
1976,TZA,0
1976,LBN,0
1976,KGZ,0
1976,LVA,0
1976,NLD,0
1976,VEN,1
1976,THA,1
1976,TGO,0
1976,PER,0
1976,EST,0
1976,SVN,0
1976,NPL,0
1976,CHN,0
1976,ZWE,0
1976,MNG,1
1976,MDA,0
1976,CIV,0
1976,FJI,0
1976,SEN,0
1976,DOM,0
1976,PHL,0
1976,EGY,0
1976,SGP,0
1976,NAM,0
1976,LIE,2
1976,WIF,0
1976,AUT,0
1976,BMU,1
1976,VNM,0
1976,VGB,0
1976,MKD,0
1976,SDN,0
1976,BHR,0
1976,GRD,0
1976,LKA,0
1976,MUS,0
1976,SRB,0
1976,HKG,0
1976,CYP,0
1976,PAN,0
1976,ZMB,0
1976,MCO,0
1976,MOZ,0
1976,SUR,0
1976,AFG,0
1976,BDI,0
1976,GAB,0
1976,ECU,0
1976,CRI,0
1976,DJI,0
1976,ERI,0
1976,BRB,0
1976,TON,0
1980,DNK,8
1980,FIN,21
1980,NOR,15
1980,NLD,10
1980,FRA,30
1980,ITA,40
1980,ESP,24
1980,AZE,0
1980,RUS,0
1980,BLR,0
1980,CMR,0
1980,USA,30
1980,HUN,63
1980,GRC,5
1980,AUS,13
1980,IRN,0
1980,CAN,2
1980,PAK,0
1980,RUS,496
1980,UZB,0
1980,TJK,0
1980,RUS,0
1980,JPN,1
1980,ETH,4
1980,CHE,11
1980,DEU,303
1980,SWE,43
1980,ZAF,0
1980,TUR,0
1980,BGR,91
1980,EGY,0
1980,GBR,48
1980,JOR,0
1980,ROU,68
1980,PRI,0
1980,MEX,10
1980,GHA,0
1980,MAR,0
1980,NZL,0
1980,DEU,0
1980,ARG,0
1980,CUB,20
1980,URY,0
1980,POL,50
1980,CZE,52
1980,NER,0
1980,BRA,9
1980,AUT,13
1980,LTU,0
1980,IDN,0
1980,CHL,0
1980,UKR,0
1980,UGA,1
1980,SYR,0
1980,QAT,0
1980,KUW,0
1980,SSD,0
1980,SAU,0
1980,ARE,0
1980,HRV,0
1980,DEU,8
1980,ARM,0
1980,SRB,0
1980,NGA,0
1980,IND,16
1980,BEL,1
1980,DZA,0
1980,JAM,3
1980,TTO,0
1980,COL,0
1980,LUX,0
1980,BWA,0
1980,TUN,0
1980,KOR,0
1980,PRK,5
1980,CHN,0
1980,BIH,57
1980,GUY,1
1980,ISR,0
1980,KAZ,0
1980,GEO,0
1980,KEN,0
1980,ISL,0
1980,HTI,0
1980,MYS,0
1980,IRQ,0
1980,CZE,0
1980,SVK,0
1980,BHS,0
1980,AUS,0
1980,PRY,0
1980,MNE,0
1980,IRL,3
1980,PRT,0
1980,GTM,0
1980,SRB,0
1980,TZA,2
1980,LBN,1
1980,KGZ,0
1980,LVA,0
1980,NLD,0
1980,VEN,1
1980,THA,0
1980,TGO,0
1980,PER,0
1980,EST,0
1980,SVN,0
1980,NPL,0
1980,CHN,0
1980,ZWE,15
1980,MNG,4
1980,MDA,0
1980,CIV,0
1980,FJI,0
1980,SEN,0
1980,DOM,0
1980,PHL,0
1980,EGY,0
1980,SGP,0
1980,NAM,0
1980,LIE,4
1980,WIF,0
1980,AUT,0
1980,BMU,0
1980,VNM,0
1980,VGB,0
1980,MKD,0
1980,SDN,0
1980,BHR,0
1980,GRD,0
1980,LKA,0
1980,MUS,0
1980,SRB,0
1980,HKG,0
1980,CYP,0
1980,PAN,0
1980,ZMB,0
1980,MCO,0
1980,MOZ,0
1980,SUR,0
1980,AFG,0
1980,BDI,0
1980,GAB,0
1980,ECU,0
1980,CRI,0
1980,DJI,0
1980,ERI,0
1980,BRB,0
1980,TON,0
1984,DNK,13
1984,FIN,31
1984,NOR,19
1984,NLD,41
1984,FRA,70
1984,ITA,65
1984,ESP,19
1984,AZE,0
1984,RUS,0
1984,BLR,0
1984,CMR,1
1984,USA,361
1984,HUN,0
1984,GRC,2
1984,AUS,52
1984,IRN,0
1984,CAN,91
1984,PAK,16
1984,RUS,56
1984,UZB,0
1984,TJK,0
1984,RUS,0
1984,JPN,50
1984,ETH,0
1984,CHE,21
1984,DEU,33
1984,SWE,64
1984,ZAF,0
1984,TUR,3
1984,BGR,0
1984,EGY,1
1984,GBR,73
1984,JOR,0
1984,ROU,106
1984,PRI,2
1984,MEX,6
1984,GHA,0
1984,MAR,2
1984,NZL,23
1984,DEU,0
1984,ARG,0
1984,CUB,0
1984,URY,0
1984,POL,0
1984,CZE,28
1984,NER,5
1984,BRA,36
1984,AUT,4
1984,LTU,0
1984,IDN,0
1984,CHL,0
1984,UKR,0
1984,UGA,0
1984,SYR,1
1984,QAT,0
1984,KUW,0
1984,SSD,0
1984,SAU,0
1984,ARE,0
1984,HRV,0
1984,DEU,166
1984,ARM,0
1984,SRB,0
1984,NGA,0
1984,IND,0
1984,BEL,5
1984,DZA,2
1984,JAM,7
1984,TTO,0
1984,COL,1
1984,LUX,0
1984,BWA,0
1984,TUN,0
1984,KOR,41
1984,PRK,0
1984,CHN,74
1984,BIH,88
1984,GUY,0
1984,ISR,0
1984,KAZ,0
1984,GEO,0
1984,KEN,3
1984,ISL,1
1984,HTI,0
1984,MYS,0
1984,IRQ,0
1984,CZE,0
1984,SVK,0
1984,BHS,0
1984,AUS,0
1984,PRY,0
1984,MNE,0
1984,IRL,1
1984,PRT,3
1984,GTM,0
1984,SRB,0
1984,TZA,0
1984,LBN,0
1984,KGZ,0
1984,LVA,0
1984,NLD,0
1984,VEN,3
1984,THA,1
1984,TGO,0
1984,PER,1
1984,EST,0
1984,SVN,0
1984,NPL,0
1984,CHN,1
1984,ZWE,0
1984,MNG,0
1984,MDA,0
1984,CIV,1
1984,FJI,0
1984,SEN,0
1984,DOM,1
1984,PHL,0
1984,EGY,0
1984,SGP,0
1984,NAM,0
1984,LIE,2
1984,WIF,0
1984,AUT,0
1984,BMU,0
1984,VNM,0
1984,VGB,0
1984,MKD,0
1984,SDN,0
1984,BHR,0
1984,GRD,0
1984,LKA,0
1984,MUS,0
1984,SRB,0
1984,HKG,0
1984,CYP,0
1984,PAN,0
1984,ZMB,1
1984,MCO,0
1984,MOZ,0
1984,SUR,0
1984,AFG,0
1984,BDI,0
1984,GAB,0
1984,ECU,0
1984,CRI,0
1984,DJI,0
1984,ERI,0
1984,BRB,0
1984,TON,0
1988,DNK,7
1988,FIN,38
1988,NOR,33
1988,NLD,52
1988,FRA,31
1988,ITA,37
1988,ESP,5
1988,AZE,0
1988,RUS,0
1988,BLR,0
1988,CMR,0
1988,USA,214
1988,HUN,44
1988,GRC,1
1988,AUS,35
1988,IRN,1
1988,CAN,29
1988,PAK,1
1988,RUS,366
1988,UZB,0
1988,TJK,0
1988,RUS,0
1988,JPN,21
1988,ETH,0
1988,CHE,28
1988,DEU,213
1988,SWE,46
1988,ZAF,0
1988,TUR,2
1988,BGR,41
1988,EGY,0
1988,GBR,54
1988,JOR,0
1988,ROU,58
1988,PRI,0
1988,MEX,2
1988,GHA,0
1988,MAR,3
1988,NZL,24
1988,DEU,0
1988,ARG,13
1988,CUB,0
1988,URY,0
1988,POL,21
1988,CZE,16
1988,NER,0
1988,BRA,23
1988,AUT,13
1988,LTU,0
1988,IDN,3
1988,CHL,1
1988,UKR,0
1988,UGA,0
1988,SYR,0
1988,QAT,0
1988,KUW,0
1988,SSD,0
1988,SAU,0
1988,ARE,0
1988,HRV,0
1988,DEU,129
1988,ARM,0
1988,SRB,0
1988,NGA,0
1988,IND,0
1988,BEL,2
1988,DZA,0
1988,JAM,7
1988,TTO,0
1988,COL,1
1988,LUX,0
1988,BWA,0
1988,TUN,0
1988,KOR,77
1988,PRK,0
1988,CHN,52
1988,BIH,69
1988,GUY,0
1988,ISR,0
1988,KAZ,0
1988,GEO,0
1988,KEN,9
1988,ISL,0
1988,HTI,0
1988,MYS,0
1988,IRQ,0
1988,CZE,0
1988,SVK,0
1988,BHS,0
1988,AUS,0
1988,PRY,0
1988,MNE,0
1988,IRL,0
1988,PRT,1
1988,GTM,0
1988,SRB,0
1988,TZA,0
1988,LBN,0
1988,KGZ,0
1988,LVA,0
1988,NLD,1
1988,VEN,0
1988,THA,1
1988,TGO,0
1988,PER,12
1988,EST,0
1988,SVN,0
1988,NPL,0
1988,CHN,0
1988,ZWE,0
1988,MNG,1
1988,MDA,0
1988,CIV,0
1988,FJI,0
1988,SEN,1
1988,DOM,0
1988,PHL,1
1988,EGY,0
1988,SGP,0
1988,NAM,0
1988,LIE,1
1988,WIF,0
1988,AUT,0
1988,BMU,0
1988,VNM,0
1988,VGB,1
1988,MKD,0
1988,SDN,0
1988,BHR,0
1988,GRD,0
1988,LKA,0
1988,MUS,0
1988,SRB,0
1988,HKG,0
1988,CYP,0
1988,PAN,0
1988,ZMB,0
1988,MCO,0
1988,MOZ,0
1988,SUR,1
1988,AFG,0
1988,BDI,0
1988,GAB,0
1988,ECU,0
1988,CRI,1
1988,DJI,1
1988,ERI,0
1988,BRB,0
1988,TON,0
1992,DNK,14
1992,FIN,20
1992,NOR,47
1992,NLD,37
1992,FRA,69
1992,ITA,66
1992,ESP,70
1992,AZE,0
1992,RUS,0
1992,BLR,0
1992,CMR,0
1992,USA,238
1992,HUN,45
1992,GRC,2
1992,AUS,57
1992,IRN,3
1992,CAN,80
1992,PAK,16
1992,RUS,0
1992,UZB,0
1992,TJK,0
1992,RUS,279
1992,JPN,59
1992,ETH,3
1992,CHE,8
1992,DEU,0
1992,SWE,42
1992,ZAF,3
1992,TUR,6
1992,BGR,17
1992,EGY,0
1992,GBR,50
1992,JOR,0
1992,ROU,53
1992,PRI,1
1992,MEX,1
1992,GHA,20
1992,MAR,3
1992,NZL,16
1992,DEU,236
1992,ARG,2
1992,CUB,69
1992,URY,0
1992,POL,46
1992,CZE,35
1992,NER,11
1992,BRA,14
1992,AUT,35
1992,LTU,13
1992,IDN,6
1992,CHL,0
1992,UKR,0
1992,UGA,0
1992,SYR,0
1992,QAT,1
1992,KUW,0
1992,SSD,3
1992,SAU,0
1992,ARE,0
1992,HRV,15
1992,DEU,0
1992,ARM,0
1992,SRB,0
1992,NGA,0
1992,IND,0
1992,BEL,3
1992,DZA,2
1992,JAM,4
1992,TTO,0
1992,COL,1
1992,LUX,2
1992,BWA,0
1992,TUN,0
1992,KOR,56
1992,PRK,11
1992,CHN,85
1992,BIH,0
1992,GUY,0
1992,ISR,2
1992,KAZ,0
1992,GEO,0
1992,KEN,8
1992,ISL,0
1992,HTI,0
1992,MYS,2
1992,IRQ,0
1992,CZE,0
1992,SVK,0
1992,BHS,1
1992,AUS,0
1992,PRY,0
1992,MNE,0
1992,IRL,2
1992,PRT,0
1992,GTM,0
1992,SRB,0
1992,TZA,0
1992,LBN,0
1992,KGZ,0
1992,LVA,3
1992,NLD,0
1992,VEN,0
1992,THA,1
1992,TGO,0
1992,PER,1
1992,EST,3
1992,SVN,6
1992,NPL,0
1992,CHN,20
1992,ZWE,0
1992,MNG,2
1992,MDA,0
1992,CIV,0
1992,FJI,0
1992,SEN,0
1992,DOM,0
1992,PHL,1
1992,EGY,0
1992,SGP,0
1992,NAM,2
1992,LIE,0
1992,WIF,0
1992,AUT,0
1992,BMU,0
1992,VNM,0
1992,VGB,0
1992,MKD,0
1992,SDN,0
1992,BHR,0
1992,GRD,0
1992,LKA,0
1992,MUS,0
1992,SRB,0
1992,HKG,0
1992,CYP,0
1992,PAN,0
1992,ZMB,0
1992,MCO,0
1992,MOZ,0
1992,SUR,1
1992,AFG,0
1992,BDI,0
1992,GAB,0
1992,ECU,0
1992,CRI,0
1992,DJI,0
1992,ERI,0
1992,BRB,0
1992,TON,0
1996,DNK,23
1996,FIN,4
1996,NOR,23
1996,NLD,73
1996,FRA,51
1996,ITA,71
1996,ESP,66
1996,AZE,1
1996,RUS,115
1996,BLR,23
1996,CMR,0
1996,USA,259
1996,HUN,43
1996,GRC,8
1996,AUS,132
1996,IRN,3
1996,CAN,50
1996,PAK,0
1996,RUS,0
1996,UZB,2
1996,TJK,0
1996,RUS,0
1996,JPN,42
1996,ETH,3
1996,CHE,11
1996,DEU,0
1996,SWE,31
1996,ZAF,5
1996,TUR,6
1996,BGR,21
1996,EGY,0
1996,GBR,26
1996,JOR,0
1996,ROU,38
1996,PRI,1
1996,MEX,1
1996,GHA,0
1996,MAR,2
1996,NZL,9
1996,DEU,124
1996,ARG,20
1996,CUB,55
1996,URY,0
1996,POL,22
1996,CZE,0
1996,NER,24
1996,BRA,63
1996,AUT,3
1996,LTU,11
1996,IDN,6
1996,CHL,0
1996,UKR,34
1996,UGA,1
1996,SYR,1
1996,QAT,0
1996,KUW,0
1996,SSD,0
1996,SAU,0
1996,ARE,0
1996,HRV,28
1996,DEU,0
1996,ARM,2
1996,SRB,0
1996,NGA,0
1996,IND,1
1996,BEL,6
1996,DZA,3
1996,JAM,16
1996,TTO,2
1996,COL,0
1996,LUX,0
1996,BWA,0
1996,TUN,1
1996,KOR,66
1996,PRK,5
1996,CHN,106
1996,BIH,0
1996,GUY,0
1996,ISR,1
1996,KAZ,11
1996,GEO,2
1996,KEN,8
1996,ISL,0
1996,HTI,0
1996,MYS,3
1996,IRQ,0
1996,CZE,13
1996,SVK,3
1996,BHS,5
1996,AUS,0
1996,PRY,0
1996,MNE,0
1996,IRL,4
1996,PRT,3
1996,GTM,0
1996,SRB,26
1996,TZA,0
1996,LBN,0
1996,KGZ,0
1996,LVA,1
1996,NLD,0
1996,VEN,0
1996,THA,2
1996,TGO,0
1996,PER,0
1996,EST,0
1996,SVN,2
1996,NPL,0
1996,CHN,1
1996,ZWE,0
1996,MNG,1
1996,MDA,3
1996,CIV,0
1996,FJI,0
1996,SEN,0
1996,DOM,0
1996,PHL,1
1996,EGY,0
1996,SGP,0
1996,NAM,2
1996,LIE,0
1996,WIF,0
1996,AUT,0
1996,BMU,0
1996,VNM,0
1996,VGB,0
1996,MKD,0
1996,SDN,0
1996,BHR,0
1996,GRD,0
1996,LKA,0
1996,MUS,0
1996,SRB,0
1996,HKG,1
1996,CYP,0
1996,PAN,0
1996,ZMB,1
1996,MCO,0
1996,MOZ,1
1996,SUR,0
1996,AFG,0
1996,BDI,1
1996,GAB,0
1996,ECU,1
1996,CRI,1
1996,DJI,0
1996,ERI,0
1996,BRB,0
1996,TON,1
2000,DNK,25
2000,FIN,5
2000,NOR,43
2000,NLD,79
2000,FRA,66
2000,ITA,65
2000,ESP,42
2000,AZE,3
2000,RUS,187
2000,BLR,22
2000,CMR,18
2000,USA,242
2000,HUN,53
2000,GRC,18
2000,AUS,183
2000,IRN,4
2000,CAN,31
2000,PAK,0
2000,RUS,0
2000,UZB,4
2000,TJK,0
2000,RUS,0
2000,JPN,44
2000,ETH,8
2000,CHE,14
2000,DEU,0
2000,SWE,32
2000,ZAF,5
2000,TUR,5
2000,BGR,13
2000,EGY,0
2000,GBR,54
2000,JOR,0
2000,ROU,46
2000,PRI,0
2000,MEX,6
2000,GHA,0
2000,MAR,5
2000,NZL,4
2000,DEU,118
2000,ARG,20
2000,CUB,65
2000,URY,1
2000,POL,24
2000,CZE,0
2000,NER,8
2000,BRA,48
2000,AUT,4
2000,LTU,17
2000,IDN,8
2000,CHL,17
2000,UKR,35
2000,UGA,0
2000,SYR,0
2000,QAT,1
2000,KUW,1
2000,SSD,0
2000,SAU,2
2000,ARE,0
2000,HRV,10
2000,DEU,0
2000,ARM,1
2000,SRB,0
2000,NGA,0
2000,IND,1
2000,BEL,7
2000,DZA,5
2000,JAM,23
2000,TTO,2
2000,COL,1
2000,LUX,0
2000,BWA,0
2000,TUN,0
2000,KOR,73
2000,PRK,4
2000,CHN,79
2000,BIH,0
2000,GUY,0
2000,ISR,1
2000,KAZ,7
2000,GEO,6
2000,KEN,7
2000,ISL,1
2000,HTI,0
2000,MYS,0
2000,IRQ,0
2000,CZE,9
2000,SVK,6
2000,BHS,11
2000,AUS,0
2000,PRY,0
2000,MNE,0
2000,IRL,1
2000,PRT,2
2000,GTM,0
2000,SRB,25
2000,TZA,0
2000,LBN,0
2000,KGZ,1
2000,LVA,3
2000,NLD,0
2000,VEN,0
2000,THA,3
2000,TGO,0
2000,PER,0
2000,EST,3
2000,SVN,3
2000,NPL,0
2000,CHN,5
2000,ZWE,0
2000,MNG,0
2000,MDA,2
2000,CIV,0
2000,FJI,0
2000,SEN,0
2000,DOM,0
2000,PHL,0
2000,EGY,0
2000,SGP,0
2000,NAM,0
2000,LIE,0
2000,WIF,0
2000,AUT,0
2000,BMU,0
2000,VNM,1
2000,VGB,0
2000,MKD,1
2000,SDN,0
2000,BHR,0
2000,GRD,0
2000,LKA,1
2000,MUS,0
2000,SRB,0
2000,HKG,0
2000,CYP,0
2000,PAN,0
2000,ZMB,0
2000,MCO,0
2000,MOZ,1
2000,SUR,0
2000,AFG,0
2000,BDI,0
2000,GAB,0
2000,ECU,0
2000,CRI,2
2000,DJI,0
2000,ERI,0
2000,BRB,1
2000,TON,0
2004,DNK,29
2004,FIN,2
2004,NOR,7
2004,NLD,77
2004,FRA,53
2004,ITA,104
2004,ESP,30
2004,AZE,5
2004,RUS,189
2004,BLR,15
2004,CMR,1
2004,USA,263
2004,HUN,40
2004,GRC,31
2004,AUS,157
2004,IRN,6
2004,CAN,17
2004,PAK,0
2004,RUS,0
2004,UZB,5
2004,TJK,0
2004,RUS,0
2004,JPN,93
2004,ETH,7
2004,CHE,7
2004,DEU,0
2004,SWE,12
2004,ZAF,10
2004,TUR,11
2004,BGR,17
2004,EGY,5
2004,GBR,57
2004,JOR,0
2004,ROU,39
2004,PRI,0
2004,MEX,4
2004,GHA,0
2004,MAR,3
2004,NZL,6
2004,DEU,149
2004,ARG,49
2004,CUB,62
2004,URY,0
2004,POL,12
2004,CZE,0
2004,NER,8
2004,BRA,40
2004,AUT,8
2004,LTU,3
2004,IDN,5
2004,CHL,4
2004,UKR,47
2004,UGA,0
2004,SYR,1
2004,QAT,0
2004,KUW,0
2004,SSD,0
2004,SAU,0
2004,ARE,1
2004,HRV,21
2004,DEU,0
2004,ARM,0
2004,SRB,0
2004,NGA,0
2004,IND,1
2004,BEL,3
2004,DZA,0
2004,JAM,13
2004,TTO,1
2004,COL,2
2004,LUX,0
2004,BWA,0
2004,TUN,0
2004,KOR,52
2004,PRK,5
2004,CHN,94
2004,BIH,0
2004,GUY,0
2004,ISR,2
2004,KAZ,8
2004,GEO,4
2004,KEN,7
2004,ISL,0
2004,HTI,0
2004,MYS,0
2004,IRQ,0
2004,CZE,13
2004,SVK,10
2004,BHS,2
2004,AUS,0
2004,PRY,17
2004,MNE,0
2004,IRL,0
2004,PRT,3
2004,GTM,0
2004,SRB,13
2004,TZA,0
2004,LBN,0
2004,KGZ,0
2004,LVA,4
2004,NLD,0
2004,VEN,2
2004,THA,8
2004,TGO,0
2004,PER,0
2004,EST,3
2004,SVN,5
2004,NPL,0
2004,CHN,9
2004,ZWE,3
2004,MNG,1
2004,MDA,0
2004,CIV,0
2004,FJI,0
2004,SEN,0
2004,DOM,1
2004,PHL,0
2004,EGY,0
2004,SGP,0
2004,NAM,0
2004,LIE,0
2004,WIF,0
2004,AUT,0
2004,BMU,0
2004,VNM,0
2004,VGB,0
2004,MKD,0
2004,SDN,0
2004,BHR,0
2004,GRD,0
2004,LKA,0
2004,MUS,0
2004,SRB,0
2004,HKG,2
2004,CYP,0
2004,PAN,0
2004,ZMB,0
2004,MCO,0
2004,MOZ,0
2004,SUR,0
2004,AFG,0
2004,BDI,0
2004,GAB,0
2004,ECU,0
2004,CRI,0
2004,DJI,0
2004,ERI,1
2004,BRB,0
2004,TON,0
2008,DNK,19
2008,FIN,5
2008,NOR,22
2008,NLD,61
2008,FRA,77
2008,ITA,42
2008,ESP,70
2008,AZE,7
2008,RUS,142
2008,BLR,29
2008,CMR,1
2008,USA,317
2008,HUN,27
2008,GRC,7
2008,AUS,149
2008,IRN,2
2008,CAN,35
2008,PAK,0
2008,RUS,0
2008,UZB,6
2008,TJK,2
2008,RUS,0
2008,JPN,51
2008,ETH,7
2008,CHE,11
2008,DEU,0
2008,SWE,7
2008,ZAF,1
2008,TUR,7
2008,BGR,5
2008,EGY,1
2008,GBR,81
2008,JOR,0
2008,ROU,22
2008,PRI,0
2008,MEX,4
2008,GHA,0
2008,MAR,2
2008,NZL,15
2008,DEU,99
2008,ARG,51
2008,CUB,47
2008,URY,0
2008,POL,20
2008,CZE,0
2008,NER,23
2008,BRA,78
2008,AUT,3
2008,LTU,5
2008,IDN,7
2008,CHL,1
2008,UKR,31
2008,UGA,0
2008,SYR,0
2008,QAT,0
2008,KUW,0
2008,SSD,0
2008,SAU,0
2008,ARE,0
2008,HRV,5
2008,DEU,0
2008,ARM,6
2008,SRB,15
2008,NGA,0
2008,IND,3
2008,BEL,5
2008,DZA,2
2008,JAM,14
2008,TTO,6
2008,COL,2
2008,LUX,0
2008,BWA,0
2008,TUN,1
2008,KOR,78
2008,PRK,6
2008,CHN,184
2008,BIH,0
2008,GUY,0
2008,ISR,1
2008,KAZ,13
2008,GEO,6
2008,KEN,15
2008,ISL,14
2008,HTI,0
2008,MYS,1
2008,IRQ,0
2008,CZE,7
2008,SVK,10
2008,BHS,7
2008,AUS,0
2008,PRY,0
2008,MNE,0
2008,IRL,3
2008,PRT,2
2008,GTM,0
2008,SRB,0
2008,TZA,0
2008,LBN,0
2008,KGZ,2
2008,LVA,3
2008,NLD,0
2008,VEN,1
2008,THA,4
2008,TGO,1
2008,PER,0
2008,EST,3
2008,SVN,5
2008,NPL,0
2008,CHN,4
2008,ZWE,4
2008,MNG,4
2008,MDA,1
2008,CIV,0
2008,FJI,0
2008,SEN,0
2008,DOM,2
2008,PHL,0
2008,EGY,0
2008,SGP,3
2008,NAM,0
2008,LIE,0
2008,WIF,0
2008,AUT,0
2008,BMU,0
2008,VNM,1
2008,VGB,0
2008,MKD,0
2008,SDN,1
2008,BHR,0
2008,GRD,0
2008,LKA,0
2008,MUS,1
2008,SRB,0
2008,HKG,0
2008,CYP,0
2008,PAN,1
2008,ZMB,0
2008,MCO,0
2008,MOZ,0
2008,SUR,0
2008,AFG,1
2008,BDI,0
2008,GAB,0
2008,ECU,1
2008,CRI,0
2008,DJI,0
2008,ERI,0
2008,BRB,0
2008,TON,0
2012,DNK,16
2012,FIN,5
2012,NOR,17
2012,NLD,69
2012,FRA,82
2012,ITA,68
2012,ESP,63
2012,AZE,10
2012,RUS,140
2012,BLR,23
2012,CMR,0
2012,USA,248
2012,HUN,26
2012,GRC,3
2012,AUS,114
2012,IRN,12
2012,CAN,55
2012,PAK,0
2012,RUS,0
2012,UZB,3
2012,TJK,1
2012,RUS,0
2012,JPN,84
2012,ETH,7
2012,CHE,4
2012,DEU,0
2012,SWE,22
2012,ZAF,9
2012,TUR,5
2012,BGR,2
2012,EGY,2
2012,GBR,126
2012,JOR,0
2012,ROU,16
2012,PRI,2
2012,MEX,24
2012,GHA,0
2012,MAR,1
2012,NZL,27
2012,DEU,94
2012,ARG,19
2012,CUB,14
2012,URY,0
2012,POL,12
2012,CZE,0
2012,NER,0
2012,BRA,59
2012,AUT,0
2012,LTU,5
2012,IDN,2
2012,CHL,0
2012,UKR,26
2012,UGA,1
2012,SYR,0
2012,QAT,2
2012,KUW,1
2012,SSD,0
2012,SAU,4
2012,ARE,0
2012,HRV,35
2012,DEU,0
2012,ARM,3
2012,SRB,16
2012,NGA,0
2012,IND,6
2012,BEL,3
2012,DZA,1
2012,JAM,25
2012,TTO,10
2012,COL,8
2012,LUX,0
2012,BWA,1
2012,TUN,3
2012,KOR,61
2012,PRK,6
2012,CHN,125
2012,BIH,0
2012,GUY,0
2012,ISR,0
2012,KAZ,13
2012,GEO,7
2012,KEN,11
2012,ISL,0
2012,HTI,0
2012,MYS,2
2012,IRQ,0
2012,CZE,14
2012,SVK,5
2012,BHS,4
2012,AUS,0
2012,PRY,0
2012,MNE,14
2012,IRL,5
2012,PRT,2
2012,GTM,1
2012,SRB,0
2012,TZA,0
2012,LBN,0
2012,KGZ,0
2012,LVA,3
2012,NLD,0
2012,VEN,1
2012,THA,3
2012,TGO,0
2012,PER,0
2012,EST,2
2012,SVN,5
2012,NPL,0
2012,CHN,2
2012,ZWE,0
2012,MNG,5
2012,MDA,2
2012,CIV,0
2012,FJI,0
2012,SEN,0
2012,DOM,2
2012,PHL,0
2012,EGY,0
2012,SGP,4
2012,NAM,0
2012,LIE,0
2012,WIF,0
2012,AUT,0
2012,BMU,0
2012,VNM,0
2012,VGB,0
2012,MKD,0
2012,SDN,0
2012,BHR,1
2012,GRD,1
2012,LKA,0
2012,MUS,0
2012,SRB,0
2012,HKG,1
2012,CYP,1
2012,PAN,0
2012,ZMB,0
2012,MCO,0
2012,MOZ,0
2012,SUR,0
2012,AFG,1
2012,BDI,0
2012,GAB,1
2012,ECU,0
2012,CRI,0
2012,DJI,0
2012,ERI,0
2012,BRB,0
2012,TON,0
2016,DNK,41
2016,FIN,1
2016,NOR,19
2016,NLD,47
2016,FRA,96
2016,ITA,72
2016,ESP,45
2016,AZE,18
2016,RUS,115
2016,BLR,12
2016,CMR,0
2016,USA,264
2016,HUN,22
2016,GRC,7
2016,AUS,82
2016,IRN,8
2016,CAN,69
2016,PAK,0
2016,RUS,0
2016,UZB,13
2016,TJK,1
2016,RUS,0
2016,JPN,64
2016,ETH,8
2016,CHE,11
2016,DEU,0
2016,SWE,28
2016,ZAF,23
2016,TUR,8
2016,BGR,7
2016,EGY,3
2016,GBR,145
2016,JOR,1
2016,ROU,16
2016,PRI,1
2016,MEX,5
2016,GHA,0
2016,MAR,1
2016,NZL,36
2016,DEU,159
2016,ARG,22
2016,CUB,11
2016,URY,0
2016,POL,16
2016,CZE,0
2016,NER,18
2016,BRA,50
2016,AUT,2
2016,LTU,7
2016,IDN,4
2016,CHL,0
2016,UKR,15
2016,UGA,0
2016,SYR,0
2016,QAT,1
2016,KUW,0
2016,SSD,2
2016,SAU,0
2016,ARE,1
2016,HRV,24
2016,DEU,0
2016,ARM,4
2016,SRB,54
2016,NGA,1
2016,IND,2
2016,BEL,21
2016,DZA,2
2016,JAM,30
2016,TTO,1
2016,COL,8
2016,LUX,0
2016,BWA,0
2016,TUN,3
2016,KOR,26
2016,PRK,7
2016,CHN,113
2016,BIH,0
2016,GUY,0
2016,ISR,2
2016,KAZ,18
2016,GEO,7
2016,KEN,13
2016,ISL,0
2016,HTI,0
2016,MYS,8
2016,IRQ,0
2016,CZE,15
2016,SVK,8
2016,BHS,6
2016,AUS,0
2016,PRY,0
2016,MNE,0
2016,IRL,3
2016,PRT,1
2016,GTM,0
2016,SRB,0
2016,TZA,0
2016,LBN,0
2016,KGZ,0
2016,LVA,0
2016,NLD,0
2016,VEN,3
2016,THA,6
2016,TGO,0
2016,PER,0
2016,EST,4
2016,SVN,4
2016,NPL,0
2016,CHN,5
2016,ZWE,0
2016,MNG,2
2016,MDA,0
2016,CIV,2
2016,FJI,13
2016,SEN,0
2016,DOM,1
2016,PHL,1
2016,EGY,0
2016,SGP,1
2016,NAM,0
2016,LIE,0
2016,WIF,0
2016,AUT,0
2016,BMU,0
2016,VNM,2
2016,VGB,0
2016,MKD,0
2016,SDN,0
2016,BHR,2
2016,GRD,1
2016,LKA,0
2016,MUS,0
2016,SRB,1
2016,HKG,0
2016,CYP,0
2016,PAN,0
2016,ZMB,0
2016,MCO,0
2016,MOZ,0
2016,SUR,0
2016,AFG,0
2016,BDI,1
2016,GAB,0
2016,ECU,0
2016,CRI,0
2016,DJI,0
2016,ERI,0
2016,BRB,0
2016,TON,0
